"The recipe","Source file count","Source file changed count","Cumulative scanning time (ns)","99th percentile scanning time (ns)","Max scanning time (ns)","Cumulative edit time (ns)","99th percentile edit time (ns)","Max edit time (ns)"
"The recipe whose stats are being measured both individually and cumulatively.","The number of source files the recipe ran over.","The number of source files which were changed in the recipe run. Includes files created, deleted, and edited.","The total time spent across the scanning phase of this recipe.","99 out of 100 scans completed in this amount of time.","The max time scanning any one source file.","The total time spent across the editing phase of this recipe.","99 out of 100 edits completed in this amount of time.","The max time editing any one source file."
"org.openrewrite.java.spring.boot2.MaybeAddSpringBootStarterActuator","8","2","18765","3936.0","3907","11743","3168.0","3106"
"org.openrewrite.java.testing.junit5.UseMockitoExtension","8","2","13995","3296.0","3296","20699","8640.0","8416"
"org.openrewrite.java.testing.mockito.ReplacePowerMockito","8","2","12726","2912.0","2896","20178","4288.0","4178"
"org.openrewrite.java.testing.junit5.MigrateAssumptions","8","2","0","0.0","0","22193","13280.0","13125"
"org.openrewrite.java.spring.boot2.UpgradeSpringBoot_2_2","8","2","8537","2672.0","2635","7094","3184.0","3196"
"org.openrewrite.java.spring.boot2.UpgradeSpringBoot_2_3","8","2","8766","3184.0","3186","8837","3168.0","3176"
"org.openrewrite.java.RemoveAnnotation","8","2","0","0.0","0","1629256","278520.0","267793"
"org.openrewrite.java.spring.boot2.UpgradeSpringBoot_2_4","8","2","9990","3824.0","3758","7864","3312.0","3235"
"org.openrewrite.java.spring.boot2.UpgradeSpringBoot_2_5","8","2","10016","3312.0","3286","53092","49120.0","47560"
"org.openrewrite.java.spring.boot2.UpgradeSpringBoot_2_0","8","2","9980","2928.0","2886","7052","3184.0","3146"
"org.openrewrite.java.spring.boot2.UpgradeSpringBoot_2_1","8","2","8899","2936.0","2915","8407","3296.0","3206"
"org.openrewrite.java.spring.boot2.MigrateLocalServerPortAnnotation","8","2","0","0.0","0","111760","45040.0","43612"
"org.openrewrite.java.spring.boot2.UpgradeSpringBoot_2_6","8","2","19268","6128.0","6012","16281","10736.0","10289"
"org.openrewrite.java.spring.boot2.UpgradeSpringBoot_2_7","8","2","121309","94192.0","94147","34876","28640.0","28153"
"org.openrewrite.config.DeclarativeRecipe$PreconditionBellwether","8","2","0","0.0","0","5379504","1703680.0","1653551"
"org.openrewrite.java.testing.junit5.JUnitParamsRunnerToParameterized","8","2","0","0.0","0","47652","11256.0","11081"
"org.openrewrite.java.dependencies.ChangeDependency","8","2","0","0.0","0","8719334","1900528.0","1867874"
"org.openrewrite.java.spring.boot2.MigrateDatabaseCredentials$MigrateDatabaseCredentialsForToolYaml","8","2","0","0.0","0","12797","3960.0","3958"
"org.openrewrite.java.spring.security5.WebSecurityConfigurerAdapter","8","2","0","0.0","0","1129231715","1.140850672E9","1129136444"
"org.openrewrite.java.testing.mockito.VerifyZeroToNoMoreInteractions","8","2","1468615","1178624.0","1126123","131556","77568.0","74901"
"org.openrewrite.openapi.swagger.MigrateApiImplicitParamsToParameters","8","2","7814","2544.0","2495","14956","3424.0","3386"
"org.openrewrite.yaml.ChangeKey","8","2","0","0.0","0","4640","784.0","772"
"org.openrewrite.java.spring.boot2.DatabaseComponentAndBeanInitializationOrdering","8","2","0","0.0","0","496943","229360.0","224782"
"org.openrewrite.java.spring.boot2.ReplaceDeprecatedEnvironmentTestUtils","8","2","0","0.0","0","108874","38904.0","37701"
"org.openrewrite.java.spring.boot2.MigrateWebTestClientBuilderCustomizerPackageName","8","2","9036","3056.0","2945","14229","3040.0","3016"
"org.openrewrite.java.spring.data.UseJpaRepositoryGetReferenceById","8","2","6883","2808.0","2765","44071","34784.0","34575"
"org.openrewrite.java.testing.junit5.TimeoutRuleToClassAnnotation","8","2","0","0.0","0","116027","49136.0","47359"
"org.openrewrite.java.testing.junit5.AddJupiterDependencies","8","2","1350612","424960.0","422793","1720729","1703680.0","1668831"
"org.openrewrite.java.testing.junit5.AddMissingTestBeforeAfterAnnotations","8","2","0","0.0","0","1929730","1310712.0","1266745"
"org.openrewrite.java.testing.junit5.TemporaryFolderToTempDir","8","2","0","0.0","0","92613","45040.0","44413"
"org.openrewrite.java.spring.boot2.SpringBoot2JUnit4to5Migration","8","2","12123","3168.0","3196","7945","3184.0","3086"
"org.openrewrite.java.testing.junit5.IgnoreToDisabled","8","2","0","0.0","0","60545","55264.0","54212"
"org.openrewrite.java.spring.data.UseJpaRepositoryGetById","8","2","46438","15856.0","15629","23090","2528.0","2525"
"org.openrewrite.java.spring.boot2.GetErrorAttributes","8","2","0","0.0","0","33020","17400.0","17332"
"org.openrewrite.java.testing.junit5.GradleUseJunitJupiter","8","2","0","0.0","0","4508","976.0","982"
"org.openrewrite.java.spring.boot3.UpgradeMyBatisToSpringBoot_2_7","8","2","8485","2544.0","2444","9393","2400.0","2424"
"org.openrewrite.openapi.swagger.MigrateApiResponsesToApiResponses","8","2","7844","2672.0","2625","11270","3040.0","2975"
"org.openrewrite.java.spring.test.SpringRulesToJUnitExtension","8","2","0","0.0","0","183545","94200.0","93686"
"org.openrewrite.openapi.swagger.MigrateApiToTag","8","2","0","0.0","0","95208","42992.0","41127"
"org.openrewrite.java.spring.boot2.ReplaceExtendWithAndContextConfiguration","8","2","0","0.0","0","83106","38896.0","37460"
"org.openrewrite.maven.AddPluginDependency","8","2","0","0.0","0","1524","636.0","612"
"org.openrewrite.openapi.swagger.ConvertApiResponseToContent","8","2","0","0.0","0","145824","55280.0","54362"
"org.openrewrite.java.spring.framework.MigrateWebMvcConfigurerAdapter","8","2","0","0.0","0","309983","45040.0","44894"
"org.openrewrite.java.spring.boot2.RemoveObsoleteSpringRunners","8","2","8548","2680.0","2655","8907","3040.0","3025"
"org.openrewrite.java.spring.boot2.MigrateLoggingSystemPropertyConstants","8","2","0","0.0","0","100880","42992.0","42791"
"org.openrewrite.java.testing.junit5.TempDirNonFinal","8","2","0","0.0","0","83678","45040.0","43582"
"org.openrewrite.java.testing.junit5.RemoveObsoleteRunners","8","2","0","0.0","0","332543","73720.0","70763"
"org.openrewrite.gradle.UpdateGradleWrapper","8","2","3567812","1900032.0","1838499","126165","47072.0","46016"
"org.openrewrite.java.spring.boot2.UnnecessarySpringExtension","8","2","0","0.0","0","266459","81904.0","80381"
"org.openrewrite.java.UseStaticImport","8","2","0","0.0","0","28552","9200.0","9177"
"org.openrewrite.java.spring.boot2.MigrateRestTemplateBuilderTimeoutByInt","8","2","0","0.0","0","156854","86000.0","84658"
"org.openrewrite.java.spring.boot2.MigrateSpringBootServletInitializerPackageName","8","2","11852","3568.0","3476","11593","3568.0","3527"
"org.openrewrite.java.spring.ChangeSpringPropertyValue","8","2","0","0.0","0","193401","118768.0","116107"
"org.openrewrite.maven.RemoveExclusion","8","2","0","0.0","0","5894366","3014654.0","2958800"
"org.openrewrite.java.testing.junit5.EnclosedToNested","8","2","0","0.0","0","100931","42992.0","41488"
"org.openrewrite.java.spring.data.UseJpaRepositoryDeleteAllInBatch","8","2","15080","2808.0","2785","20921","2656.0","2645"
"org.openrewrite.java.testing.mockito.MockUtilsToStatic","8","2","0","0.0","0","89759","40944.0","40116"
"org.openrewrite.java.spring.boot2.MigrateErrorPropertiesIncludeStackTraceConstants","8","2","0","0.0","0","102923","42992.0","41157"
"org.openrewrite.java.spring.boot2.UnnecessarySpringRunWith","8","2","13503","4832.0","4778","10071","3296.0","3266"
"org.openrewrite.java.spring.boot3.UpgradeMyBatisToSpringBoot_2_1","8","2","46589","3192.0","3106","72975","14840.0","14358"
"org.openrewrite.java.spring.boot3.UpgradeMyBatisToSpringBoot_2_2","8","2","45421","6392.0","6372","61788","7408.0","7243"
"org.openrewrite.java.spring.boot2.MigrateHttpMessageConvertersPackageName","8","2","9589","3184.0","3086","12623","3040.0","3005"
"org.openrewrite.java.RemoveAnnotationAttribute","8","2","0","0.0","0","805759","40952.0","40446"
"org.openrewrite.java.spring.boot3.UpgradeMyBatisToSpringBoot_2_0","8","2","54239","4088.0","4088","58422","3704.0","3707"
"org.openrewrite.java.spring.boot3.UpgradeMyBatisToSpringBoot_2_5","8","2","27343","6904.0","6683","22691","2808.0","2765"
"org.openrewrite.java.spring.boot3.UpgradeMyBatisToSpringBoot_2_6","8","2","16603","2936.0","2936","14364","3184.0","3096"
"org.openrewrite.java.spring.NoAutowiredOnConstructor","8","2","0","0.0","0","3453104","3407864.0","3378335"
"org.openrewrite.java.spring.boot3.UpgradeMyBatisToSpringBoot_2_3","8","2","36639","2936.0","2855","51248","19440.0","18715"
"org.openrewrite.java.spring.boot3.UpgradeMyBatisToSpringBoot_2_4","8","2","28268","2680.0","2605","54382","16368.0","16170"
"org.openrewrite.maven.UpgradePluginVersion","8","2","0","0.0","0","3005751","983038.0","978265"
"org.openrewrite.java.testing.junit5.UseTestMethodOrder","8","2","0","0.0","0","106981","42992.0","41478"
"org.openrewrite.java.spring.framework.JdbcTemplateObjectArrayArgToVarArgs","8","2","0","0.0","0","118449","59384.0","58129"
"org.openrewrite.java.spring.boot2.MigrateActuatorMediaTypeToApiVersion","8","2","0","0.0","0","777237","344048.0","340218"
"org.openrewrite.java.spring.boot2.MigrateErrorControllerPackageName","8","2","8486","3064.0","2986","174429","163808.0","160051"
"org.openrewrite.java.testing.junit5.CleanupJUnitImports","8","2","0","0.0","0","108364","36848.0","35526"
"org.openrewrite.java.spring.boot2.MigrateHsqlEmbeddedDatabaseConnection","8","2","0","0.0","0","86343","43000.0","41247"
"org.openrewrite.java.spring.boot2.SpringBootProperties_2_7","8","2","22674","14320.0","13937","12846","3808.0","3737"
"org.openrewrite.java.spring.boot2.SpringBootProperties_2_5","8","2","9848","2672.0","2665","12805","3296.0","3236"
"org.openrewrite.java.spring.boot2.SpringBootProperties_2_6","8","2","9466","2800.0","2785","10529","2912.0","2875"
"org.openrewrite.java.spring.boot2.MigrateMultipartConfigFactory","8","2","0","0.0","0","127730","55280.0","54472"
"org.openrewrite.java.spring.boot2.RestTemplateBuilderRequestFactory","8","2","0","0.0","0","218700","118776.0","116228"
"org.openrewrite.java.spring.boot2.SpringBootProperties_2_3","8","2","8396","2808.0","2805","12781","3552.0","3496"
"org.openrewrite.java.spring.boot2.SpringBootProperties_2_4","8","2","11490","2928.0","2835","7564","2800.0","2735"
"org.openrewrite.java.spring.boot2.SpringBootProperties_2_1","8","2","8656","2928.0","2816","15469","3776.0","3827"
"org.openrewrite.java.spring.framework.MigrateInstantiationAwareBeanPostProcessorAdapter","8","2","0","0.0","0","116199","65520.0","64641"
"org.openrewrite.java.spring.boot2.SpringBootProperties_2_2","8","2","9115","2928.0","2895","21401","5856.0","5751"
"org.openrewrite.java.spring.boot2.SpringBootProperties_2_0","8","2","11661","3552.0","3547","10801","3552.0","3537"
"org.openrewrite.java.testing.junit5.ExpectedExceptionToAssertThrows","8","2","0","0.0","0","114356","51184.0","49523"
"org.openrewrite.java.testing.junit5.AssertToAssertions","8","2","0","0.0","0","118993","53232.0","51246"
"org.openrewrite.java.testing.mockito.PowerMockitoMockStaticToMockito","8","2","0","0.0","0","106181","27632.0","27481"
"org.openrewrite.java.testing.junit5.UpgradeSurefirePlugin","8","2","0","0.0","0","21722","12768.0","12313"
"org.openrewrite.openapi.swagger.MigrateSwaggerDefinitionToOpenAPIDefinition","8","2","0","0.0","0","87956","40944.0","40265"
"org.openrewrite.java.spring.boot2.MigrateConfigurationPropertiesBindingPostProcessorValidatorBeanName","8","2","0","0.0","0","103994","40944.0","39494"
"org.openrewrite.java.testing.dbrider.ExecutionListenerToDbRiderAnnotation","8","2","0","0.0","0","112561","59376.0","57758"
"org.openrewrite.java.spring.doc.MigrateDocketBeanToGroupedOpenApiBean","8","2","3005518","2620928.0","2515518","39806","17280.0","16451"
"org.openrewrite.java.DeleteMethodArgument","8","2","0","0.0","0","103770","17400.0","16952"
"org.openrewrite.java.testing.mockito.ReplaceInitMockToOpenMock","8","2","0","0.0","0","17392","4080.0","3997"
"org.openrewrite.openapi.swagger.SwaggerToOpenAPI","8","2","7702","2672.0","2595","6271","1712.0","1683"
"org.openrewrite.java.spring.boot2.MigrateUndertowServletWebServerFactoryIsEagerInitFilters","8","2","11589","2800.0","2715","7756","2800.0","2806"
"org.openrewrite.openapi.swagger.MigrateApiModelToSchema","8","2","7234","2416.0","2385","11181","2912.0","2875"
"org.openrewrite.java.spring.CommentOutSpringPropertyKey","8","2","0","0.0","0","4611565","24572.0","295554"
"org.openrewrite.java.testing.junit5.UseHamcrestAssertThat","8","2","0","0.0","0","18083","13808.0","13345"
"org.openrewrite.java.testing.junit5.RunnerToExtension","8","2","0","0.0","0","353982","73720.0","70472"
"org.openrewrite.java.testing.junit5.UseWiremockExtension","8","2","0","0.0","0","96600","45040.0","43822"
"org.openrewrite.maven.UpgradeParentVersion","8","2","0","0.0","0","6113726643","3.489660924E9","3441946198"
"org.openrewrite.java.testing.arquillian.ReplaceArquillianInSequenceAnnotation","8","2","0","0.0","0","97582","42976.0","42269"
"org.openrewrite.java.spring.DeleteSpringProperty","8","2","0","0.0","0","282793","196600.0","194304"
"org.openrewrite.java.spring.boot2.MigrateRestClientBuilderCustomizerPackageName","8","2","12433","2928.0","2925","11792","3808.0","3837"
"org.openrewrite.java.ChangeAnnotationAttributeName","8","2","0","0.0","0","1176074","43000.0","42981"
"org.openrewrite.java.spring.boot2.SpringBoot2BestPractices","8","2","11510","3056.0","3066","22433","5088.0","5040"
"org.openrewrite.java.spring.framework.EnvironmentAcceptsProfiles","8","2","0","0.0","0","39475","6136.0","6141"
"org.openrewrite.openapi.swagger.MigrateApiParamDefaultValue","8","2","0","0.0","0","17913","4856.0","4739"
"org.openrewrite.java.spring.boot2.MigrateHibernateConstraintsToJavax","8","2","9700","3312.0","3306","16182","3936.0","3858"
"org.openrewrite.java.spring.data.UpgradeSpringData_2_7","8","2","11119","3696.0","3606","15159","6640.0","6573"
"org.openrewrite.java.testing.mockito.Mockito1to4Migration","8","2","58082","47072.0","46327","11573","3680.0","3677"
"org.openrewrite.gradle.plugins.UpgradePluginVersion","8","2","3389588","1834944.0","1822882","1977866","688000.0","671740"
"org.openrewrite.java.spring.boot2.MigrateDatabaseCredentials$MigrateDatabaseCredentialsForToolProperties","8","2","0","0.0","0","215176","172028.0","166743"
"org.openrewrite.java.spring.boot2.MigrateDatabaseCredentials","8","2","0","0.0","0","1482","476.0","471"
"org.openrewrite.java.spring.boot2.MaybeAddJavaxValidationApi","8","2","21080","12768.0","12343","14055","3808.0","3777"
"org.openrewrite.java.spring.framework.MigrateHandlerInterceptor","8","2","0","0.0","0","101811","42992.0","42279"
"org.openrewrite.java.testing.junit5.AddMissingNested","8","2","0","0.0","0","424865","180216.0","179076"
"org.openrewrite.java.spring.data.UpgradeSpringData_2_3","8","2","26387","3064.0","3065","21669","4088.0","4068"
"org.openrewrite.java.testing.junit5.JUnit4to5Migration","8","2","13085","3296.0","3206","6483","2928.0","2926"
"org.openrewrite.java.spring.data.UpgradeSpringData_2_5","8","2","24305","6648.0","6532","13719","3440.0","3447"
"org.openrewrite.java.spring.boot2.MigrateApplicationHealthIndicatorToPingHealthIndicator","8","2","13126","3552.0","3547","10287","3808.0","3717"
"org.openrewrite.java.testing.mockito.RemoveInitMocksIfRunnersSpecified","8","2","0","0.0","0","20739","5624.0","5480"
"org.openrewrite.maven.RemoveProperty","8","2","0","0.0","0","157937","163836.0","156875"
"org.openrewrite.java.testing.junit5.VertxUnitToVertxJunit5","8","2","15369","3168.0","3175","17884","5312.0","5220"
"org.openrewrite.java.dependencies.RemoveDependency","8","2","2010834","786400.0","765646","6727968","1572608.0","1534398"
"org.openrewrite.java.spring.boot2.OutputCaptureExtension","8","2","0","0.0","0","170911","73712.0","71985"
"org.openrewrite.java.ChangePackage","8","2","0","0.0","0","885770","138752.0","137919"
"org.openrewrite.java.testing.junit5.ParameterizedRunnerToParameterized","8","2","0","0.0","0","116287","45024.0","43151"
"org.openrewrite.java.testing.junit5.CategoryToTag","8","2","0","0.0","0","88476","40944.0","40656"
"org.openrewrite.java.spring.NoRequestMappingAnnotation","8","2","0","0.0","0","536186","442336.0","426710"
"org.openrewrite.java.spring.boot2.MigrateToWebServerFactoryCustomizer","8","2","14196","4848.0","4709","12235","4320.0","4279"
"org.openrewrite.java.spring.boot2.SamlRelyingPartyPropertyApplicationPropertiesMove","8","2","0","0.0","0","46568","45040.0","43462"
"org.openrewrite.apache.commons.lang.UpgradeApacheCommonsLang_2_3","8","2","15110","7664.0","7494","13618","3552.0","3527"
"org.openrewrite.java.spring.framework.UpgradeSpringFramework_5_1","8","2","18783","4600.0","4478","17463","6896.0","6843"
"org.openrewrite.java.spring.framework.UpgradeSpringFramework_5_2","8","2","22042","3056.0","3046","16884","3568.0","3567"
"org.openrewrite.java.spring.framework.UpgradeSpringFramework_5_3","8","2","12084","3568.0","3527","15659","8160.0","7945"
"org.openrewrite.java.spring.framework.UpgradeSpringFramework_5_0","8","2","28008","4600.0","4489","31679","4336.0","4198"
"org.openrewrite.java.testing.mockito.AnyToNullable","8","2","1015734","753408.0","748975","82834","53120.0","52929"
"org.openrewrite.java.testing.mockito.NoInitializationForInjectMock","8","2","0","0.0","0","58098","17392.0","17032"
"org.openrewrite.java.testing.junit5.UpdateTestAnnotation","8","2","0","0.0","0","1490404","524272.0","518071"
"org.openrewrite.java.dependencies.UpgradeDependencyVersion","8","2","287271476","4062720.0","154005931","74395632","2752000.0","8502809"
"org.openrewrite.java.testing.mockito.Mockito1to3Migration","8","2","11832","3296.0","3246","13826","6880.0","6693"
"org.openrewrite.java.dependencies.AddDependency","8","2","59567717","7339008.0","35565010","3099019","85504.0","353533"
"org.openrewrite.java.testing.junit5.MigrateJUnitTestCase","8","2","0","0.0","0","179647","73712.0","70742"
"org.openrewrite.java.spring.boot2.MigrateRestTemplateBuilderBasicAuthorization","8","2","10562","3184.0","3136","10689","3936.0","3867"
"org.openrewrite.java.spring.ChangeSpringPropertyKey","8","2","0","0.0","0","83225040","118752.0","1039820"
"org.openrewrite.maven.AddPlugin","8","2","0","0.0","0","2515","632.0","631"
"org.openrewrite.java.testing.mockito.PowerMockitoWhenNewToMockito","8","2","0","0.0","0","10901","2424.0","2335"
"org.openrewrite.java.testing.junit5.UpdateBeforeAfterAnnotations","8","2","0","0.0","0","291937","147448.0","143159"
"org.openrewrite.java.spring.boot2.MigrateUndertowServletWebServerFactorySetEagerInitFilters","8","2","13534","4848.0","4699","8516","2656.0","2675"
"org.openrewrite.java.testing.junit5.AddHamcrestJUnitDependency","8","2","2227427","811008.0","806393","35058","15232.0","14888"
"org.openrewrite.java.ReorderMethodArguments","8","2","0","0.0","0","505987","73712.0","73658"
"org.openrewrite.java.spring.data.RefactorSimpleMongoDbFactory","8","2","0","0.0","0","83305","21496.0","21079"
"org.openrewrite.java.springdoc.MigrateSpringdocCommon","8","2","9317","2544.0","2465","8747","3040.0","3056"
"org.openrewrite.maven.RemovePluginDependency","8","2","0","0.0","0","766808","786424.0","764755"
"org.openrewrite.openapi.swagger.MigrateApiModelPropertyToSchema","8","2","8665","2544.0","2555","12614","3296.0","3256"
"org.openrewrite.java.spring.boot2.MergeBootstrapYamlWithApplicationYaml","8","2","571141","195584.0","192952","36037","11136.0","10960"
"org.openrewrite.java.testing.junit5.MockitoJUnitToMockitoExtension","8","2","0","0.0","0","155002","69624.0","69130"
"org.openrewrite.java.testing.hamcrest.AddHamcrestIfUsed","8","2","12255","3040.0","3046","16671","5856.0","5731"
"org.openrewrite.java.springdoc.SpringFoxToSpringDoc","8","2","11200","3184.0","3115","9145","3440.0","3426"
"org.openrewrite.java.ChangeMethodName","8","2","0","0.0","0","10173025","589816.0","614472"
"org.openrewrite.java.testing.junit5.UseXMLUnitLegacy","8","2","0","0.0","0","51145","45024.0","44854"
"org.openrewrite.openapi.swagger.MigrateApiParamToParameter","8","2","10300","4080.0","4057","12544","3168.0","3106"
"org.openrewrite.java.testing.arquillian.ArquillianJUnit4ToArquillianJUnit5","8","2","0","0.0","0","27293","19424.0","18865"
"org.openrewrite.java.spring.data.MigrateAuditorAwareToOptional","8","2","0","0.0","0","129033","55280.0","54392"
"org.openrewrite.java.spring.boot2.SpringBootMavenPluginMigrateAgentToAgents","8","2","0","0.0","0","1397882","1441776.0","1394706"
"org.openrewrite.java.springdoc.SwaggerToSpringDoc","8","2","7823","2800.0","2695","5961","2544.0","2535"
"org.openrewrite.java.testing.dbrider.MigrateDbRiderSpringToDbRiderJUnit5","8","2","0","0.0","0","21840","13792.0","13806"
"org.openrewrite.maven.ExcludeDependency","8","2","0","0.0","0","1526733","1015776.0","991239"
"org.openrewrite.java.springdoc.ReplaceSpringFoxDependencies","8","2","22021","10208.0","10219","7333","2800.0","2725"
"org.openrewrite.java.testing.junit5.UpdateMockWebServer","8","2","0","0.0","0","86443","38896.0","37670"
"org.openrewrite.java.spring.framework.UseObjectUtilsIsEmpty","8","2","19086","9712.0","9558","10370","3424.0","3376"
"org.openrewrite.java.ChangeMethodTargetToStatic","8","2","0","0.0","0","157141","31736.0","31449"
"org.openrewrite.openapi.swagger.ConvertApiResponseCodesToStrings","8","2","0","0.0","0","117810","53240.0","52598"
"org.openrewrite.java.ChangeType","8","2","0","0.0","0","51911185","475072.0","755998"
"org.openrewrite.java.testing.mockito.MockitoJUnitRunnerToExtension","8","2","0","0.0","0","73505","17392.0","16460"
"org.openrewrite.java.spring.security5.UpgradeSpringSecurity_5_7","8","2","7142","2672.0","2655","21177","12768.0","12614"
"org.openrewrite.java.spring.framework.MigrateUtf8MediaTypes","8","2","0","0.0","0","194165","47088.0","45506"
"org.openrewrite.openapi.swagger.MigrateApiOperationToOperation","8","2","11693","5624.0","5541","11171","2528.0","2435"
"org.openrewrite.java.spring.data.MigrateJpaSort","8","2","0","0.0","0","1033176","163824.0","156073"
"org.openrewrite.java.testing.junit5.TestRuleToTestInfo","8","2","0","0.0","0","83639","42992.0","42960"
"org.openrewrite.java.spring.boot2.ChangeEmbeddedServletContainerCustomizer","8","2","0","0.0","0","190146","73712.0","71915"
"org.openrewrite.openapi.swagger.MigrateApiImplicitParam","8","2","0","0.0","0","34434","8176.0","8015"
"org.openrewrite.java.testing.junit5.ThrowingRunnableToExecutable","8","2","0","0.0","0","20569","11232.0","10941"
"org.openrewrite.java.spring.doc.RemoveBeanValidatorPluginsConfiguration","8","2","0","0.0","0","148828","65520.0","64601"
"org.openrewrite.java.testing.junit5.ExcludeJUnit4UnlessUsingTestcontainers","8","2","0","0.0","0","47260","42992.0","41949"
"org.openrewrite.java.testing.mockito.MockitoWhenOnStaticToMockStatic","8","2","0","0.0","0","14939","4088.0","3977"
"org.openrewrite.java.testing.mockito.CleanupMockitoImports","8","2","0","0.0","0","46258","15856.0","15679"
